# file 54 v3.1, run 2026-09-04, Teradata-direct, Cards MNEs (CRV/PCL/PCQ/PCD/AUH), window 2025-01-01+, grain client x tactic -- BLOCK 3 cube mne x cohort_yyyymm x arm_from_channel
mne	cohort_yyyymm	arm_from_channel	decisions	distinct_clients	decisions_in_master	decisions_sent_disposition1
AUH	202602	EMAIL_ACTION	94846	94846	86575	86575
AUH	202602	HOLDOUT_XX	95437	95437	0	0
AUH	202604	EMAIL_ACTION	661591	661591	555967	555967
AUH	202604	HOLDOUT_XX	286219	286219	0	0
CRV	202501	EMAIL_ACTION	52777	52745	24573	24573
CRV	202502	EMAIL_ACTION	57304	57235	0	0
CRV	202503	EMAIL_ACTION	63917	63871	0	0
CRV	202504	EMAIL_ACTION	57780	57748	0	0
CRV	202505	EMAIL_ACTION	51857	51806	0	0
CRV	202506	EMAIL_ACTION	55414	55392	40180	40180
CRV	202507	EMAIL_ACTION	20651	20646	15197	15197
CRV	202508	EMAIL_ACTION	49735	49703	39198	39198
CRV	202509	EMAIL_ACTION	60459	60427	54009	54009
CRV	202510	EMAIL_ACTION	59241	59205	49454	49454
CRV	202511	EMAIL_ACTION	59207	59144	52891	52891
CRV	202512	EMAIL_ACTION	58625	58606	51621	51621
CRV	202601	EMAIL_ACTION	57911	57858	49315	49315
CRV	202602	EMAIL_ACTION	60492	60355	56543	56543
CRV	202603	EMAIL_ACTION	76239	76043	70928	70928
CRV	202604	EMAIL_ACTION	59804	59696	55738	55738
CRV	202605	EMAIL_ACTION	56277	56161	49220	49220
CRV	202606	EMAIL_ACTION	72342	72190	53227	53227
CRV	202607	EMAIL_ACTION	59791	59680	7153	7153
CRV	202608	EMAIL_ACTION	67329	67166	19489	19489
PCD	202501	EMAIL_ACTION	410427	410427	383705	383705
PCD	202501	HOLDOUT_XX	106602	106602	0	0
PCD	202502	EMAIL_ACTION	455880	455880	426915	426915
PCD	202502	HOLDOUT_XX	105031	105031	0	0
PCD	202503	EMAIL_ACTION	447749	447749	420463	420463
PCD	202503	HOLDOUT_XX	103832	103832	0	0
PCD	202504	EMAIL_ACTION	259627	259627	243476	243476
PCD	202504	HOLDOUT_XX	103532	103532	0	0
PCD	202505	EMAIL_ACTION	568351	451149	532664	532664
PCD	202505	HOLDOUT_XX	133000	133000	0	0
PCD	202506	EMAIL_ACTION	420082	420082	392697	392697
PCD	202506	HOLDOUT_XX	131022	131022	0	0
PCD	202507	EMAIL_ACTION	453788	453788	421844	421844
PCD	202507	HOLDOUT_XX	138977	138977	0	0
PCD	202508	EMAIL_ACTION	342576	342576	317116	317116
PCD	202508	HOLDOUT_XX	138402	138402	0	0
PCD	202509	EMAIL_ACTION	411126	411126	380070	380070
PCD	202509	HOLDOUT_XX	132750	132750	0	0
PCD	202510	EMAIL_ACTION	429228	429228	394905	394905
PCD	202510	HOLDOUT_XX	132556	132556	0	0
PCD	202511	EMAIL_ACTION	127047	127047	116637	116637
PCD	202512	EMAIL_ACTION	486351	486351	448928	448928
PCD	202512	HOLDOUT_XX	133481	133481	0	0
PCD	202601	EMAIL_ACTION	374206	326672	344138	344138
PCD	202601	HOLDOUT_XX	129822	129822	0	0
PCD	202602	EMAIL_ACTION	457436	369123	412140	412140
PCD	202602	HOLDOUT_XX	130257	130257	0	0
PCD	202603	EMAIL_ACTION	710653	573375	648815	648815
PCD	202603	HOLDOUT_XX	130199	130199	0	0
PCD	202604	EMAIL_ACTION	335381	335381	303977	303977
PCD	202604	HOLDOUT_XX	130582	130582	0	0
PCD	202605	EMAIL_ACTION	481335	339381	434867	434867
PCD	202605	HOLDOUT_XX	130694	130694	0	0
PCD	202606	EMAIL_ACTION	607756	413173	547538	547538
PCD	202606	HOLDOUT_XX	130093	130093	0	0
PCD	202607	EMAIL_ACTION	244847	244845	219083	219083
PCD	202608	EMAIL_ACTION	550086	550086	488293	488293
PCD	202608	HOLDOUT_XX	105955	105955	0	0
PCL	202501	EMAIL_ACTION	1048543	854240	1038589	1038589
PCL	202501	HOLDOUT_XX	16988	16988	0	0
PCL	202502	EMAIL_ACTION	568769	472945	563287	563287
PCL	202503	EMAIL_ACTION	433133	433133	429049	429049
PCL	202504	EMAIL_ACTION	608164	519774	602261	602261
PCL	202505	EMAIL_ACTION	666813	620383	660161	660161
PCL	202506	EMAIL_ACTION	510380	507237	505044	505044
PCL	202507	EMAIL_ACTION	788209	713603	777436	777436
PCL	202508	EMAIL_ACTION	498706	498706	492960	492960
PCL	202509	EMAIL_ACTION	623500	534024	615608	615608
PCL	202510	EMAIL_ACTION	594836	497200	585746	585746
PCL	202511	EMAIL_ACTION	623235	537507	614626	614626
PCL	202512	EMAIL_ACTION	732039	634078	721191	721191
PCL	202601	EMAIL_ACTION	909225	783382	894845	894845
PCL	202602	EMAIL_ACTION	616736	481256	606246	606246
PCL	202603	EMAIL_ACTION	655685	573045	643990	643990
PCL	202604	EMAIL_ACTION	672206	577889	659856	659856
PCL	202605	EMAIL_ACTION	633968	550780	622147	622147
PCL	202606	EMAIL_ACTION	680758	585309	667528	667528
PCL	202607	EMAIL_ACTION	678055	573696	0	0
PCL	202608	EMAIL_ACTION	681109	572939	136780	136780
PCQ	202501	EMAIL_ACTION	505008	505008	476191	476191
PCQ	202502	EMAIL_ACTION	549813	549813	518634	518634
PCQ	202503	EMAIL_ACTION	522256	522234	492164	492164
PCQ	202504	EMAIL_ACTION	536001	536001	508762	508762
PCQ	202505	EMAIL_ACTION	538015	531482	504477	504477
PCQ	202506	EMAIL_ACTION	506899	506899	478750	478750
PCQ	202507	EMAIL_ACTION	485326	485324	446906	446906
PCQ	202508	EMAIL_ACTION	480443	480443	448176	448176
PCQ	202509	EMAIL_ACTION	487178	487178	458320	458320
PCQ	202510	EMAIL_ACTION	515491	515491	479370	479370
PCQ	202511	EMAIL_ACTION	557684	557684	517749	517749
PCQ	202512	EMAIL_ACTION	567988	567988	533166	533166
PCQ	202601	EMAIL_ACTION	536613	536613	503316	503316
PCQ	202602	EMAIL_ACTION	594348	594348	551781	551781
PCQ	202603	EMAIL_ACTION	595044	595044	556129	556129
PCQ	202604	EMAIL_ACTION	615041	599479	573903	573903
PCQ	202605	EMAIL_ACTION	222201	222201	206970	206970
PCQ	202606	EMAIL_ACTION	945978	721489	864059	864059
PCQ	202607	EMAIL_ACTION	577181	577181	527416	527416
PCQ	202608	EMAIL_ACTION	579881	579881	524139	524139
# FLAG row PCQ/202504/EMAIL_ACTION: photographed decisions digit read as 536000 in both source images (distinct_clients read as 536001, which would make distinct>decisions, impossible at this grain). Corrected to 536001 here because that is the only value making the EMAIL_ACTION sum reconcile to 34629979 exactly. Verify against source if it matters.
# FLAG PCD HOLDOUT_XX: cube's 18 PCD HOLDOUT_XX rows sum to 2246787, but Block 2 (54_v31_block2_holdout_xx_by_mne) gives PCD HOLDOUT_XX total = 2374218 -- a 127431 gap. AUH and PCL holdout totals reconcile exactly between cube and Block 2. Re-photograph/re-run PCD HOLDOUT_XX by cohort_yyyymm to find the missing 127431 (possible NULL/unparsed cohort_yyyymm rows excluded from the cube pivot, or a misread digit not caught by cross-image overlap).
# FLAG CRV cohorts 202602-202605: task provenance note stated these should show decisions_sent_disposition1 = 0, but both direct reads of the source image (same image re-verified) show nonzero values (56543 / 70928 / 55738 / 49220 respectively). Transcribed as read from the photo; flagging the conflict with the stated note for Andre to confirm against the live query if it matters.
